,Stammdaten Filialnetz,,,,,,,,
KST,Netzwerk,Status,Netzkennung,Gesellschaft,Strasse,PLZ,Ort,Lat./Breitengard,Long./Längengrad
A_803,Franchise,geöffnet,,Gerd Bauer Motorcenter GmbH,Industriegelände West 12,A-2460,Bruck an der Leitha,"48,02342","16,75717"
A_804,Franchise,geöffnet,,Autohaus Büchl GmbH,Hannesgrub Nord 20/1,A-4911,Tumeltsham,"48,220085","13,498592"
A_804-02,Franchise,geöffnet,,Autohaus Büchl GmbH,St. Florian am Inn 35,A-4782,St. Florian,"48,438041","13,443727"
A_805,Franchise,geöffnet,,ATC KFZ-Meisterbetrieb GmbH,Mitschastraße 44,A-2130,Mistelbach,"48,563813","16,575979"
A_008,Franchise,geöffnet,,K & P Fahrzeughandels GmbH,Flatschacherstraße 68,A-9020,Klagenfurt,"46,612977","14,318499"
A_810,Franchise,geöffnet,,Lackiererei & KFZ Fachbetrieb Ritter GmbH,Pischelsdorf 513,A-8212,Pischelsdorf am Kulm,"47,18535","15,78923"
A_811-01,Franchise,geöffnet,,Hessler GesmbH,Gewerbestraße 1,A-2842,Olbersdorf,"47,598248","16,116318"
A_811-02,Franchise,geöffnet,,Hessler GesmbH,Am Spitz 8,A-2620,Neunkirchen,"47,716912","16,066339"
A_812,Franchise,geöffnet,,Reifen Technik Sezer KG,Neilreichgasse 46,A-1100,Wien,"48,173579","16,36489"
A_813,Franchise,geöffnet,,Protect Car Aslan Ayhan e.U.,Questrasse 17,A-2601,Sollenau,"47,900233","16,263719"
A_814,Franchise,geöffnet,,Kfz Lembacher e.U.,Obergasse 24,A_8162,Passail,"47,2852244","15,5152266"
A_815,Franchise,geöffnet,,Kfz Schmiede GmbH,Schulstrasse 28,A-4284,Tragwein,"48,325091","14,621503"
A_817,Franchise,geöffnet,,KFZ Technik Pfeiffer GmbH,Anny Wödl-Gasse 1,A-2700,Wiener Neustadt,"47,805709","16,264639"
A_818,Franchise,geöffnet,,Auto Novak e.U.,Gewerbepark Objekt 5,A-3435,Zwentendorf,"48,33889","15,905263"
A_820,Franchise,geöffnet,,M.Partsch Kraftfahrzeugwerkstättenbetriebe Gesellschaft m.b.H. & Co KG,Gewerbestrasse 1,A-2721,Bad Fischau-Brunn,"47,842735","16,186285"
A_821,Franchise,geöffnet,,Baumi KFZ Technik GmbH,Lagerstraße 1,A-9400,Wolfsberg,"46,828049","14,838798"
A_822,Franchise,geöffnet,,Autohaus Erdberg Reinhard Lehner GmbH,Nottendorfer Gasse 15 - 19,A-1030,Wien,"48,19103","16,4117"
A_823,Franchise,geöffnet,,TP Automobil Manufaktur GmbH,Haidlisse 9,A-2230,Gänserndorf,"48,333504","16,712291"
A_825,Franchise,geöffnet,,Ka-Ro Car Care & Wheels GmbH,Bahnhofstrasse 786,A-8970,Schladming,"47,394269","13,681879"
A_028,Franchise,geöffnet,,Auto Haunschmid GmbH,Triesterstr. 336,A-1230,Wien,"48,128084","16,320177"
A_829,Franchise,geöffnet,,PRO TYRES Reifen & Felgenhandel OG,Rheinstraße 8,A-6971,Hard,"47,4805456","9,69224834"
A_030,Franchise,geöffnet,,Pabla Kfz-Meisterbetrieb GmbH,Gewerbestraße 6,A-5102,Anthering,"47,865972","13,009825"
A_832,Franchise,geöffnet,,Autohaus Standard Rk GmbH,Wienerstraße 34,A-2000,Stockerau,"48,384659","16,236348"
A_036,Franchise,geöffnet,,Rechberger Reifen GmbH,Nestelbach 76,A-8262,Nestelbach im Ilztal,"47,090138","15,885843"
A_837-02,Franchise,geöffnet,,Fahrzeug Kompetenzzentrum GmbH,Julius-Raab-Straße 27,A_2203,Großebersdorf,"48,352122","16,471059"
A_038,Franchise,geöffnet,,Reifen Jais GmbH,Schlöglstrasse 59,A-6060,Hall,"47,27265","11,477008"
A_038-02,Franchise,geöffnet,,Reifen Jais GmbH,Straßenhäuser 70,A-6842,Koblach,"47,309658","9,6196699"
A_038-03,Franchise,geöffnet,,Reifen Jais GmbH,Grasslau 9,A-5500,Bischofshofen,"47,41256848","13,2216222"
A_839,Franchise,geöffnet,,Auto Aigner GmbH,Spörken 40,A-3264,Gresten,"47,97641","15,02362"
A_840,Franchise,geöffnet,,Limarutti clean & drive,Kühau 34,A-8130,Frohnleiten,"47,28167","15,31566"
A_841-01,Franchise,geöffnet,,Auto Auer Ges. m.b.H,Gewerbestr. 12,A-3494,Strazdorf,"48,4119714","15,6910583"
A_841-02,Franchise,geöffnet,,Auto Auer Ges. m.b.H,Porschestr. 10,A-3100,St. Pölten,"48,1801131","15,648637"
A_043,Franchise,geöffnet,,Diewo OG,Siggstraße 2,A-4611,Buchkirchen,"48,226003","14,028003"
A_045,Franchise,geöffnet,,Fleck & Flecker KFZ Fachwerkstatt GmbH,Bahnweg 4,A-8501,Lieboch,"46,969782","15,34303"
A_051,Franchise,geöffnet,,Autohaus Ortner GmbH,Piccostr. 42,A-9500,Villach,"46,620844","13,854256"
A_052,Franchise,geöffnet,,Wartelsteiner Autobedarf GmbH,Talstrasse 41,A-6284,Ramsau im Zillertal,"47,207602","11,871941"
A_053,Franchise,geöffnet,,Hans Stadler GmbH,Dieselstrasse 10,A-3362,Mauer bei Amstetten,"48,104545","14,827719"
A_054,Franchise,geöffnet,,Reifen Lubo GmbH,Liesinger-Flur-Gasse 15,A-1230,Wien,"48,132096","16,304395"
A_055,Franchise,geöffnet,,T.I.N. Reifenhaus GmbH,Arndtstrasse 72,A-1120,Wien,"48,182678","16,334798"
A_056,Franchise,geöffnet,,RTA Hirscher GmbH,Lammertalstraße 24,A-5522,St. Martin am Tennengebirge,"47,469591","13,384121"
A_057,Franchise,geöffnet,,Reifen Heinzl GmbH,Wienerstrasse 48a,A-3002,Purkersdorf,"48,205198","16,192959"
A_058,Franchise,geöffnet,,FiWa KFZ Service und Reifenhandel Erik Wagner e.U.,Guntramsdorferstraße 89,A-2340,Mödling,"48,072955","16,300787"
A_062,Franchise,geöffnet,,SG Reifen und KFZ-Technik GmbH,Harter Straße 50,A-8053,Graz,"47,052569","15,413323"
A_064,Franchise,geöffnet,,Euro-Reifen Kotulek GmbH,Triesterstr. 131,A-2512,Oeynhausen,"47,979671","16,287246"
A_063,Franchise,geöffnet,,Autoshop Ruhdorfer e.U.,Lagergasse 9,A-8530,Deutschlandsberg,"46,82035","15,22449"
A_061,Franchise,geöffnet,,M&Ö Reifen Autoservice GmbH,Wurlitzergasse 25-27,A-1160,Wien,"48,214568","16,317076"
A_878,Franchise,geöffnet,,Auto Auer Reifenzentrum Ges.m.b.H,Donaufelderstraße 133,A-1210,Wien,"48,25861","16,465159"
E002,EFR,geöffnet,60001648,Reifen Adler GmbH,Wiener Straße 88,8665,Langenwang,"47,574927","15,637273"
E003,EFR,geöffnet,60001649,Richard Frece KG,Rosenbursenstraße 4,1010,Wien,"48,209309","16,380557"
E004,EFR,geöffnet,60001651,ARZ Alfons Reifen-Zentrum GesmbH,Hauptstraße 1,2444,Seibersdorf,"47,959590","16,514080"
E006,EFR,geöffnet,60000102,Auer Reifen GmbH,Schallmooser Hauptstraße 71,5020,Salzburg,"47,807482","13,059340"
E008,EFR,geöffnet,60001654,Berger Reifenservice GmbH,Salzburger Str. 25,4650,Lambach,"48,091247","13,869117"
E009,EFR,geöffnet,60001655,Reifen Edtmayer GmbH & Co. KG,Maierhof 2,5311,Innerschwand am Mondsee,"47,831889","13,395941"
E013,EFR,geöffnet,60001656,Fähnrich GmbH Autobedarf-Reifendiskont,Auenstraße 128,9710,Neu Feffernitz,"46,687205","13,681852"
E015,EFR,geöffnet,60004667,Reifen-KFZ-Radsport Habernegg GmbH,Dorfstraße 23,8472,Vogau,"46,730806","15,608552"
E016,EFR,geöffnet,60001658,HP-Reifendienst GmbH,Gewerbezeile 8,9800,Spittal/Drau,"46,776711","13,547951"
E018,EFR,geöffnet,60001660,Leitner Fladnitz GmbH,Schrems 3,8163,Fladnitz/T.,"47,268524","15,480492"
E021,EFR,geöffnet,60001051,Order Shop Pächter Antonio Halupa,Oberlaaer Str. 257,1230,Wien,"48,144951","16,373353"
E022,EFR,geöffnet,60001663,Poller e.U.,Hauptstraße 12,5202,Neumarkt a. Wallersee,"47,943111","13,224415"
E023,EFR,geöffnet,60004836,S+K Reifenservice Schlacher & Kopfer GesmbH,Gewerbestraße 2,8723,Kobenz,"47,231593","14,830641"
E024,EFR,geöffnet,60001664,"Reifen Schneider, Inh. Markus Schneider",Josef-Perger-Str. 4 / Betriebspark Pressbaum,3031,Pressbaum,"48,179298","16,037728"
E025,EFR,geöffnet,60001665,Fa. Helmut Schuster,Dueler Weg 20,9232,Rosegg,"46,592055","14,030198"
E026,EFR,geöffnet,60001666,Reifen u. Autoservice Ing.Josef Stanitz e.u.,Hofstraße 9,2361,Laxenburg,"48,069065","16,355576"
E027,EFR,geöffnet,60001667,Reifen Steininger e.U. Inh. Otmar Steininger,Schwarzenauer Str. 1,3910,Zwettl,"48,609997","15,169966"
E030,EFR,geöffnet,60001669,Manfred Wallinger GmbH,Markt 125,5441,Abtenau,"47,566759","13,339908"
E031,EFR,geöffnet,60006041,Reifenservice Wank GmbH,Südring / Triplatstraße 14,9020,Klagenfurt,"46,607853","14,323629"
E032,EFR,geöffnet,60001670,WEMA GmbH,Zeihenbühl 435,6951,Lingenau,"47,449749","09,904369"
E034,EFR,geöffnet,60001672,Reifen Winkler e.U. Inh. Eugen Winkler jun,Ehrenbergstr. 19,6600,Reutte,"47,481589","10,720709"
E042,EFR,geöffnet,60007510,Reifenwerkstatt Auböck e.U.,Ida-Pfeiffer-Straße 10,4840,Vöcklabruck,48.1424585,11.6411366
E043,EFR,geöffnet,60002353,Karosserie und Kfz Technikzemtrum Gaißau Weißenbacher OG,Gaißau 398,5425,Krispl,"47,717719","13,192087"
E044,EFR,geöffnet,60007550,Pongruber GmbH,Handelspark 3,5161,Elixhausen,"47,870241","13,067426"
E046,EFR,geöffnet,61000083,MT Reifenservice OG,Graf 131a,6500,Grins,"47,139719","10,534373"
P002,PLP,geöffnet,,Autopark GmbH,Innsbrucker Straße 105,6300,Wörgl,"47,478692","12,042711"
P005,PLP,geöffnet,,Autopark GmbH,Industriestraße 5,6134,Vomp,"47,351549","11,699877"
P009,PLP,geöffnet,,Wimmer & Wimmer GmbH,Am Straßfeld 2,2401,Fischamend,"48,114227","16,625886"
P013,PLP,geöffnet,,Autohaus Kaposi Hofmeester Holding GmbH,Lodengasse 27,9020,Klagenfurt,"46,606889","14,294634"
P015,PLP,geöffnet,,Autopark GmbH,Feldweg 3,6382,Kirchdorf/Tirol,"47,538088","12,442193"
P016,PLP,geöffnet,,Autopark GmbH,Langer Weg 12,6020,Innsbruck,"47,266320","11,425664"
P022,PLP,geöffnet,,Autopark GmbH - TELFS/ PFAFFENHOFEN,Gewerbepark 14,A-6405,Pfaffenhofen,47.298828,11.069630
,PLP,geöffnet,,Autohaus CZECZELITS,Sandgasse 2/B17,2620,Neunkirchen,"47,722941","16,069026"
,PLP,geöffnet,,Autohaus CZECZELITS,Zehnergürtel 40-52,2700,Wiener Neustadt,"47,815954","16,217237"